"image_name","Latitude","Longitude","relative_path"
"IMG20260108133711.jpg","31.261847222222222","34.80128055555555","photos/IMG20260108133711.jpg"
"IMG20260108133717.jpg","31.261847222222222","34.80128055555555","photos/IMG20260108133717.jpg"
"IMG20260108133721.jpg","31.261847222222222","34.80128055555555","photos/IMG20260108133721.jpg"
"IMG20260108133734.jpg","31.261847222222222","34.80128055555555","photos/IMG20260108133734.jpg"
"IMG20260108133744.jpg","31.261847222222222","34.80128055555555","photos/IMG20260108133744.jpg"
"IMG20260108133753.jpg","31.261847222222222","34.80128055555555","photos/IMG20260108133753.jpg"
"IMG20260108133754.jpg","31.261847222222222","34.80128055555555","photos/IMG20260108133754.jpg"
"IMG20260108133801.jpg","31.261847222222222","34.80128055555555","photos/IMG20260108133801.jpg"
"IMG20260108133803.jpg","31.261847222222222","34.80128055555555","photos/IMG20260108133803.jpg"
"IMG20260108133805.jpg","31.261847222222222","34.80128055555555","photos/IMG20260108133805.jpg"
"IMG20260108133807.jpg","31.261847222222222","34.80128055555555","photos/IMG20260108133807.jpg"
"IMG20260108133809.jpg","31.261847222222222","34.80128055555555","photos/IMG20260108133809.jpg"
"IMG20260108133811.jpg","31.261847222222222","34.80128055555555","photos/IMG20260108133811.jpg"
"IMG20260108133814.jpg","31.261847222222222","34.80128055555555","photos/IMG20260108133814.jpg"
"IMG20260108133829.jpg","31.261847222222222","34.80128055555555","photos/IMG20260108133829.jpg"
"IMG20260108133854.jpg","31.261847222222222","34.80128055555555","photos/IMG20260108133854.jpg"
"IMG20260108133856.jpg","31.261847222222222","34.80128055555555","photos/IMG20260108133856.jpg"
"IMG20260108133902.jpg","31.261847222222222","34.80128055555555","photos/IMG20260108133902.jpg"
"IMG20260108133903.jpg","31.261847222222222","34.80128055555555","photos/IMG20260108133903.jpg"
"IMG20260108133912.jpg","31.261977777777776","34.80116944444444","photos/IMG20260108133912.jpg"
"IMG20260108133914.jpg","31.261977777777776","34.80116944444444","photos/IMG20260108133914.jpg"
"IMG20260108133915.jpg","31.261977777777776","34.80116944444444","photos/IMG20260108133915.jpg"
"IMG20260108133926.jpg","31.261977777777776","34.80116944444444","photos/IMG20260108133926.jpg"
"IMG20260108133928.jpg","31.261977777777776","34.80116944444444","photos/IMG20260108133928.jpg"
"IMG20260108133951.jpg","31.26212222222222","34.80206111111111","photos/IMG20260108133951.jpg"
"IMG20260108133953.jpg","31.26212222222222","34.80206111111111","photos/IMG20260108133953.jpg"
"IMG20260108133954.jpg","31.26212222222222","34.80206111111111","photos/IMG20260108133954.jpg"
"IMG20260108133955.jpg","31.26212222222222","34.80206111111111","photos/IMG20260108133955.jpg"
"IMG20260108133956.jpg","31.26212222222222","34.80206111111111","photos/IMG20260108133956.jpg"
"IMG20260108134022.jpg","31.261841666666665","34.80141388888889","photos/IMG20260108134022.jpg"
"IMG20260108134025.jpg","31.261841666666665","34.80141388888889","photos/IMG20260108134025.jpg"
"IMG20260108134026.jpg","31.261841666666665","34.80141388888889","photos/IMG20260108134026.jpg"
"IMG20260108134032.jpg","31.261841666666665","34.80141388888889","photos/IMG20260108134032.jpg"
"IMG20260108134035.jpg","31.261841666666665","34.80141388888889","photos/IMG20260108134035.jpg"
"IMG20260108134036.jpg","31.261841666666665","34.80141388888889","photos/IMG20260108134036.jpg"
"IMG20260108134038.jpg","31.261841666666665","34.80141388888889","photos/IMG20260108134038.jpg"
"IMG20260108134125.jpg","31.261841666666665","34.80141388888889","photos/IMG20260108134125.jpg"
"IMG20260108134128.jpg","31.261841666666665","34.80141388888889","photos/IMG20260108134128.jpg"
"IMG20260108134134.jpg","31.261841666666665","34.80141388888889","photos/IMG20260108134134.jpg"
"IMG20260108134137.jpg","31.261841666666665","34.80141388888889","photos/IMG20260108134137.jpg"
"IMG20260108134147.jpg","31.261841666666665","34.80141388888889","photos/IMG20260108134147.jpg"
"IMG20260108134149.jpg","31.261841666666665","34.80141388888889","photos/IMG20260108134149.jpg"
"IMG20260108134150.jpg","31.261841666666665","34.80141388888889","photos/IMG20260108134150.jpg"
"IMG20260108134152.jpg","31.261841666666665","34.80141388888889","photos/IMG20260108134152.jpg"
"IMG20260108134154.jpg","31.261841666666665","34.80141388888889","photos/IMG20260108134154.jpg"
"IMG20260108134202.jpg","31.261841666666665","34.80141388888889","photos/IMG20260108134202.jpg"
"IMG20260108134203.jpg","31.261841666666665","34.80141388888889","photos/IMG20260108134203.jpg"
"IMG20260108134205.jpg","31.261841666666665","34.80141388888889","photos/IMG20260108134205.jpg"
"IMG20260108134211.jpg","31.261841666666665","34.80141388888889","photos/IMG20260108134211.jpg"
"IMG20260108134213.jpg","31.261841666666665","34.80141388888889","photos/IMG20260108134213.jpg"
"IMG20260108134220.jpg","31.261841666666665","34.80141388888889","photos/IMG20260108134220.jpg"
"IMG20260108134222.jpg","31.261841666666665","34.80141388888889","photos/IMG20260108134222.jpg"
"IMG20260108134231.jpg","31.261841666666665","34.80141388888889","photos/IMG20260108134231.jpg"
"IMG20260108134233.jpg","31.261841666666665","34.80141388888889","photos/IMG20260108134233.jpg"
"IMG20260108134237.jpg","31.261841666666665","34.80141388888889","photos/IMG20260108134237.jpg"
"IMG20260108134239.jpg","31.261841666666665","34.80141388888889","photos/IMG20260108134239.jpg"
"IMG20260108134249.jpg","31.261841666666665","34.80141388888889","photos/IMG20260108134249.jpg"
"IMG20260108134255.jpg","31.261841666666665","34.80141388888889","photos/IMG20260108134255.jpg"
"IMG20260108134304.jpg","31.261891666666667","34.80190277777778","photos/IMG20260108134304.jpg"
"IMG20260108134305.jpg","31.261891666666667","34.80190277777778","photos/IMG20260108134305.jpg"
"IMG20260108134309.jpg","31.261891666666667","34.80190277777778","photos/IMG20260108134309.jpg"
"IMG20260108134310.jpg","31.261891666666667","34.80190277777778","photos/IMG20260108134310.jpg"
"IMG20260108134312.jpg","31.261891666666667","34.80190277777778","photos/IMG20260108134312.jpg"
"IMG20260108134313.jpg","31.261891666666667","34.80190277777778","photos/IMG20260108134313.jpg"
"IMG20260108134315.jpg","31.261891666666667","34.80190277777778","photos/IMG20260108134315.jpg"
"IMG20260108134321.jpg","31.261891666666667","34.80190277777778","photos/IMG20260108134321.jpg"
"IMG20260108134322.jpg","31.261891666666667","34.80190277777778","photos/IMG20260108134322.jpg"
"IMG20260108134323.jpg","31.261891666666667","34.80190277777778","photos/IMG20260108134323.jpg"
"IMG20260108134325.jpg","31.261891666666667","34.80190277777778","photos/IMG20260108134325.jpg"
"IMG20260108134338.jpg","31.261891666666667","34.80190277777778","photos/IMG20260108134338.jpg"
"IMG20260108134340.jpg","31.261891666666667","34.80190277777778","photos/IMG20260108134340.jpg"
"IMG20260108134342.jpg","31.261891666666667","34.80190277777778","photos/IMG20260108134342.jpg"
"IMG20260108134344.jpg","31.261891666666667","34.80190277777778","photos/IMG20260108134344.jpg"
"IMG20260108134346.jpg","31.261891666666667","34.80190277777778","photos/IMG20260108134346.jpg"
"IMG20260108134356.jpg","31.261891666666667","34.80190277777778","photos/IMG20260108134356.jpg"
"IMG20260108134357.jpg","31.261891666666667","34.80190277777778","photos/IMG20260108134357.jpg"
"IMG20260108134401.jpg","31.261891666666667","34.80190277777778","photos/IMG20260108134401.jpg"
"IMG20260108134402.jpg","31.261891666666667","34.80190277777778","photos/IMG20260108134402.jpg"
"IMG20260108134407.jpg","31.261891666666667","34.80190277777778","photos/IMG20260108134407.jpg"
"IMG20260108134424.jpg","31.261891666666667","34.80190277777778","photos/IMG20260108134424.jpg"
"IMG20260108134426.jpg","31.261891666666667","34.80190277777778","photos/IMG20260108134426.jpg"
"IMG20260108134428.jpg","31.261891666666667","34.80190277777778","photos/IMG20260108134428.jpg"
"IMG20260108134430.jpg","31.261891666666667","34.80190277777778","photos/IMG20260108134430.jpg"
"IMG20260108134431.jpg","31.261891666666667","34.80190277777778","photos/IMG20260108134431.jpg"
"IMG20260108134435.jpg","31.261891666666667","34.80190277777778","photos/IMG20260108134435.jpg"
"IMG20260108134446.jpg","31.261891666666667","34.80190277777778","photos/IMG20260108134446.jpg"
"IMG20260108134447.jpg","31.261891666666667","34.80190277777778","photos/IMG20260108134447.jpg"
"IMG20260108134449.jpg","31.261891666666667","34.80190277777778","photos/IMG20260108134449.jpg"
"IMG20260108134456.jpg","31.261891666666667","34.80190277777778","photos/IMG20260108134456.jpg"
"IMG20260108134458.jpg","31.261891666666667","34.80190277777778","photos/IMG20260108134458.jpg"
"IMG20260108134500.jpg","31.261891666666667","34.80190277777778","photos/IMG20260108134500.jpg"
"IMG20260108134503.jpg","31.261891666666667","34.80190277777778","photos/IMG20260108134503.jpg"
"IMG20260108134509.jpg","31.261891666666667","34.80190277777778","photos/IMG20260108134509.jpg"
"IMG20260108134518.jpg","31.261891666666667","34.80190277777778","photos/IMG20260108134518.jpg"
"IMG20260108134520.jpg","31.261891666666667","34.80190277777778","photos/IMG20260108134520.jpg"
"IMG20260108134522.jpg","31.261891666666667","34.80190277777778","photos/IMG20260108134522.jpg"
"IMG20260108134524.jpg","31.261891666666667","34.80190277777778","photos/IMG20260108134524.jpg"
"IMG20260108134533.jpg","31.261891666666667","34.80190277777778","photos/IMG20260108134533.jpg"
"IMG20260108134535.jpg","31.261891666666667","34.80190277777778","photos/IMG20260108134535.jpg"
"IMG20260108134538.jpg","31.261891666666667","34.80190277777778","photos/IMG20260108134538.jpg"
"IMG20260108134547.jpg","31.261891666666667","34.80190277777778","photos/IMG20260108134547.jpg"
"IMG20260108134548.jpg","31.261891666666667","34.80190277777778","photos/IMG20260108134548.jpg"
"IMG20260108134550.jpg","31.261891666666667","34.80190277777778","photos/IMG20260108134550.jpg"
"IMG20260108134608.jpg","31.26172777777778","34.802794444444444","photos/IMG20260108134608.jpg"
"IMG20260108134614.jpg","31.26172777777778","34.802794444444444","photos/IMG20260108134614.jpg"
"IMG20260108134616.jpg","31.26172777777778","34.802794444444444","photos/IMG20260108134616.jpg"
"IMG20260108134618.jpg","31.26172777777778","34.802794444444444","photos/IMG20260108134618.jpg"
"IMG20260108134620.jpg","31.26172777777778","34.802794444444444","photos/IMG20260108134620.jpg"
"IMG20260108134628.jpg","31.26172777777778","34.802794444444444","photos/IMG20260108134628.jpg"
"IMG20260108134630.jpg","31.26172777777778","34.802794444444444","photos/IMG20260108134630.jpg"
"IMG20260108134632.jpg","31.26172777777778","34.802794444444444","photos/IMG20260108134632.jpg"
"IMG20260108134954.jpg","31.261994444444444","34.802791666666664","photos/IMG20260108134954.jpg"
"IMG20260108134958.jpg","31.261994444444444","34.802791666666664","photos/IMG20260108134958.jpg"
"IMG20260108135022.jpg","31.261994444444444","34.802791666666664","photos/IMG20260108135022.jpg"
"IMG20260108135024.jpg","31.261994444444444","34.802791666666664","photos/IMG20260108135024.jpg"
"IMG20260108135027.jpg","31.261994444444444","34.802791666666664","photos/IMG20260108135027.jpg"
"IMG20260108135029.jpg","31.261994444444444","34.802791666666664","photos/IMG20260108135029.jpg"
"IMG20260108135038.jpg","31.261994444444444","34.802791666666664","photos/IMG20260108135038.jpg"
"IMG20260108135046.jpg","31.261994444444444","34.802791666666664","photos/IMG20260108135046.jpg"
"IMG20260108135059.jpg","31.261994444444444","34.802791666666664","photos/IMG20260108135059.jpg"
"IMG20260108135101.jpg","31.261994444444444","34.802791666666664","photos/IMG20260108135101.jpg"
"IMG20260108135109.jpg","31.261994444444444","34.802791666666664","photos/IMG20260108135109.jpg"
"IMG20260108135110.jpg","31.261994444444444","34.802791666666664","photos/IMG20260108135110.jpg"
"IMG20260108135112.jpg","31.261994444444444","34.802791666666664","photos/IMG20260108135112.jpg"
"IMG20260108135120.jpg","31.261994444444444","34.802791666666664","photos/IMG20260108135120.jpg"
"IMG20260108135121.jpg","31.261994444444444","34.802791666666664","photos/IMG20260108135121.jpg"
"IMG20260108135136.jpg","31.261994444444444","34.802791666666664","photos/IMG20260108135136.jpg"
"IMG20260108135156.jpg","31.261994444444444","34.802791666666664","photos/IMG20260108135156.jpg"
"IMG20260108135200.jpg","31.261994444444444","34.802791666666664","photos/IMG20260108135200.jpg"
"IMG20260108135204.jpg","31.261994444444444","34.802791666666664","photos/IMG20260108135204.jpg"
"IMG20260108135205.jpg","31.261994444444444","34.802791666666664","photos/IMG20260108135205.jpg"
"IMG20260108135207.jpg","31.261994444444444","34.802791666666664","photos/IMG20260108135207.jpg"
"IMG20260108135216.jpg","31.261994444444444","34.802791666666664","photos/IMG20260108135216.jpg"
"IMG20260108135220.jpg","31.261994444444444","34.802791666666664","photos/IMG20260108135220.jpg"
"IMG20260108135221.jpg","31.261994444444444","34.802791666666664","photos/IMG20260108135221.jpg"
"IMG20260108135245.jpg","31.261994444444444","34.802791666666664","photos/IMG20260108135245.jpg"
"IMG20260108135246.jpg","31.261994444444444","34.802791666666664","photos/IMG20260108135246.jpg"
"IMG20260108135248.jpg","31.261994444444444","34.802791666666664","photos/IMG20260108135248.jpg"
"IMG20260108135258.jpg","31.261994444444444","34.802791666666664","photos/IMG20260108135258.jpg"
"IMG20260108135301.jpg","31.261994444444444","34.802791666666664","photos/IMG20260108135301.jpg"
"IMG20260108135302.jpg","31.261994444444444","34.802791666666664","photos/IMG20260108135302.jpg"
"IMG20260108135304.jpg","31.261994444444444","34.802791666666664","photos/IMG20260108135304.jpg"
"IMG20260108135305.jpg","31.261994444444444","34.802791666666664","photos/IMG20260108135305.jpg"
"IMG20260108135311.jpg","31.261994444444444","34.802791666666664","photos/IMG20260108135311.jpg"
"IMG20260108135317.jpg","31.261994444444444","34.802791666666664","photos/IMG20260108135317.jpg"
"IMG20260108135321.jpg","31.261994444444444","34.802791666666664","photos/IMG20260108135321.jpg"
"IMG20260108135324.jpg","31.261994444444444","34.802791666666664","photos/IMG20260108135324.jpg"
"IMG20260108135325.jpg","31.261994444444444","34.802791666666664","photos/IMG20260108135325.jpg"
"IMG20260108135334.jpg","31.261994444444444","34.802791666666664","photos/IMG20260108135334.jpg"
"IMG20260108135346.jpg","31.261994444444444","34.802791666666664","photos/IMG20260108135346.jpg"
"IMG20260108135354.jpg","31.26183888888889","34.803488888888886","photos/IMG20260108135354.jpg"
"IMG20260108135355.jpg","31.26183888888889","34.803488888888886","photos/IMG20260108135355.jpg"
"IMG20260108135401.jpg","31.26183888888889","34.803488888888886","photos/IMG20260108135401.jpg"
"IMG20260108135402.jpg","31.26183888888889","34.803488888888886","photos/IMG20260108135402.jpg"
"IMG20260108135403.jpg","31.26183888888889","34.803488888888886","photos/IMG20260108135403.jpg"
"IMG20260108135424.jpg","31.26208888888889","34.8033","photos/IMG20260108135424.jpg"
"IMG20260108135447.jpg","31.26208888888889","34.8033","photos/IMG20260108135447.jpg"
"IMG20260108135449.jpg","31.26208888888889","34.8033","photos/IMG20260108135449.jpg"
"IMG20260108135452.jpg","31.26208888888889","34.8033","photos/IMG20260108135452.jpg"
"IMG20260108135453.jpg","31.26208888888889","34.8033","photos/IMG20260108135453.jpg"
"IMG20260108135501.jpg","31.26208888888889","34.8033","photos/IMG20260108135501.jpg"
"IMG20260108135506.jpg","31.26208888888889","34.8033","photos/IMG20260108135506.jpg"
"IMG20260108135525.jpg","31.262216666666667","34.80345","photos/IMG20260108135525.jpg"
"IMG20260108135533.jpg","31.262216666666667","34.80345","photos/IMG20260108135533.jpg"
"IMG20260108135536.jpg","31.262216666666667","34.80345","photos/IMG20260108135536.jpg"
"IMG20260108135546.jpg","31.262216666666667","34.80345","photos/IMG20260108135546.jpg"
"IMG20260108135639.jpg","31.262216666666667","34.80345","photos/IMG20260108135639.jpg"
"IMG20260108135640.jpg","31.262216666666667","34.80345","photos/IMG20260108135640.jpg"
"IMG20260108135645.jpg","31.262216666666667","34.80345","photos/IMG20260108135645.jpg"
"IMG20260108135655.jpg","31.262216666666667","34.80345","photos/IMG20260108135655.jpg"
"IMG20260108135657.jpg","31.262216666666667","34.80345","photos/IMG20260108135657.jpg"
"IMG20260108135710.jpg","31.262216666666667","34.80345","photos/IMG20260108135710.jpg"
"IMG20260108135716.jpg","31.262216666666667","34.80345","photos/IMG20260108135716.jpg"
"IMG20260108135719.jpg","31.262216666666667","34.80345","photos/IMG20260108135719.jpg"
"IMG20260108135739.jpg","31.261855555555556","34.80402222222222","photos/IMG20260108135739.jpg"
"IMG20260108135740.jpg","31.261855555555556","34.80402222222222","photos/IMG20260108135740.jpg"
"IMG20260108135742.jpg","31.261855555555556","34.80402222222222","photos/IMG20260108135742.jpg"
"IMG20260108135743.jpg","31.261855555555556","34.80402222222222","photos/IMG20260108135743.jpg"
"IMG20260108135756.jpg","31.261855555555556","34.80402222222222","photos/IMG20260108135756.jpg"
"IMG20260108135758.jpg","31.261855555555556","34.80402222222222","photos/IMG20260108135758.jpg"
"IMG20260108135808.jpg","31.261855555555556","34.80402222222222","photos/IMG20260108135808.jpg"
"IMG20260108135809.jpg","31.261855555555556","34.80402222222222","photos/IMG20260108135809.jpg"
"IMG20260108135811.jpg","31.261855555555556","34.80402222222222","photos/IMG20260108135811.jpg"
"IMG20260108135820.jpg","31.261855555555556","34.80402222222222","photos/IMG20260108135820.jpg"
"IMG20260108135826.jpg","31.261855555555556","34.80402222222222","photos/IMG20260108135826.jpg"
"IMG20260108135828.jpg","31.261855555555556","34.80402222222222","photos/IMG20260108135828.jpg"
"IMG20260108135829.jpg","31.261855555555556","34.80402222222222","photos/IMG20260108135829.jpg"
"IMG20260108135837.jpg","31.261855555555556","34.80402222222222","photos/IMG20260108135837.jpg"
"IMG20260108135838.jpg","31.261855555555556","34.80402222222222","photos/IMG20260108135838.jpg"
"IMG20260108135840.jpg","31.261855555555556","34.80402222222222","photos/IMG20260108135840.jpg"
"IMG20260108135848.jpg","31.261855555555556","34.80402222222222","photos/IMG20260108135848.jpg"
"IMG20260108135855.jpg","31.261855555555556","34.80402222222222","photos/IMG20260108135855.jpg"
"IMG20260108135857.jpg","31.261855555555556","34.80402222222222","photos/IMG20260108135857.jpg"
"IMG20260108135909.jpg","31.261855555555556","34.80402222222222","photos/IMG20260108135909.jpg"
"IMG20260108135911.jpg","31.261855555555556","34.80402222222222","photos/IMG20260108135911.jpg"
"IMG20260108135912.jpg","31.261855555555556","34.80402222222222","photos/IMG20260108135912.jpg"
"IMG20260108135914.jpg","31.261855555555556","34.80402222222222","photos/IMG20260108135914.jpg"
"IMG20260108135915.jpg","31.261855555555556","34.80402222222222","photos/IMG20260108135915.jpg"
"IMG20260108135925.jpg","31.261855555555556","34.80402222222222","photos/IMG20260108135925.jpg"
"IMG20260108135926.jpg","31.261855555555556","34.80402222222222","photos/IMG20260108135926.jpg"
"IMG20260108135927.jpg","31.261855555555556","34.80402222222222","photos/IMG20260108135927.jpg"
"IMG20260108135936.jpg","31.261855555555556","34.80402222222222","photos/IMG20260108135936.jpg"
"IMG20260108135938.jpg","31.261855555555556","34.80402222222222","photos/IMG20260108135938.jpg"
"IMG20260108135939.jpg","31.261855555555556","34.80402222222222","photos/IMG20260108135939.jpg"
"IMG20260108135949.jpg","31.261855555555556","34.80402222222222","photos/IMG20260108135949.jpg"
"IMG20260108135952.jpg","31.261855555555556","34.80402222222222","photos/IMG20260108135952.jpg"
"IMG20260108135954.jpg","31.261855555555556","34.80402222222222","photos/IMG20260108135954.jpg"
"IMG20260108140001.jpg","31.261855555555556","34.80402222222222","photos/IMG20260108140001.jpg"
"IMG20260108140002.jpg","31.261855555555556","34.80402222222222","photos/IMG20260108140002.jpg"
"IMG20260108140007.jpg","31.261855555555556","34.80402222222222","photos/IMG20260108140007.jpg"
"IMG20260108140008.jpg","31.261855555555556","34.80402222222222","photos/IMG20260108140008.jpg"
"IMG20260108140009.jpg","31.261855555555556","34.80402222222222","photos/IMG20260108140009.jpg"
"IMG20260108140027.jpg","31.2621","34.80430833333333","photos/IMG20260108140027.jpg"
"IMG20260108140029.jpg","31.2621","34.80430833333333","photos/IMG20260108140029.jpg"
"IMG20260108140031.jpg","31.2621","34.80430833333333","photos/IMG20260108140031.jpg"
"IMG20260108140040.jpg","31.2621","34.80430833333333","photos/IMG20260108140040.jpg"
"IMG20260108140042.jpg","31.2621","34.80430833333333","photos/IMG20260108140042.jpg"
"IMG20260108140048.jpg","31.2621","34.80430833333333","photos/IMG20260108140048.jpg"
"IMG20260108140049.jpg","31.2621","34.80430833333333","photos/IMG20260108140049.jpg"
"IMG20260108140051.jpg","31.2621","34.80430833333333","photos/IMG20260108140051.jpg"
"IMG20260108140105.jpg","31.2621","34.80430833333333","photos/IMG20260108140105.jpg"
"IMG20260108140107.jpg","31.2621","34.80430833333333","photos/IMG20260108140107.jpg"
"IMG20260108140108.jpg","31.2621","34.80430833333333","photos/IMG20260108140108.jpg"
"IMG20260108140110.jpg","31.2621","34.80430833333333","photos/IMG20260108140110.jpg"
"IMG20260108140120.jpg","31.2621","34.80430833333333","photos/IMG20260108140120.jpg"
"IMG20260108140121.jpg","31.2621","34.80430833333333","photos/IMG20260108140121.jpg"
"IMG20260108140122.jpg","31.2621","34.80430833333333","photos/IMG20260108140122.jpg"
"IMG20260108140130.jpg","31.2621","34.80430833333333","photos/IMG20260108140130.jpg"
"IMG20260108140135.jpg","31.2621","34.80430833333333","photos/IMG20260108140135.jpg"
"IMG20260108140142.jpg","31.2621","34.80430833333333","photos/IMG20260108140142.jpg"
"IMG20260108140143.jpg","31.2621","34.80430833333333","photos/IMG20260108140143.jpg"
"IMG20260108140155.jpg","31.2621","34.80430833333333","photos/IMG20260108140155.jpg"
"IMG20260108140156.jpg","31.2621","34.80430833333333","photos/IMG20260108140156.jpg"
"IMG20260108140206.jpg","31.2621","34.80430833333333","photos/IMG20260108140206.jpg"
"IMG20260108140207.jpg","31.2621","34.80430833333333","photos/IMG20260108140207.jpg"
"IMG20260108140208.jpg","31.2621","34.80430833333333","photos/IMG20260108140208.jpg"
"IMG20260108140236.jpg","31.26188611111111","34.80415","photos/IMG20260108140236.jpg"
"IMG20260108140237.jpg","31.26188611111111","34.80415","photos/IMG20260108140237.jpg"
"IMG20260108140247.jpg","31.26188611111111","34.80415","photos/IMG20260108140247.jpg"
"IMG20260108140248.jpg","31.26188611111111","34.80415","photos/IMG20260108140248.jpg"
"IMG20260108140251.jpg","31.26188611111111","34.80415","photos/IMG20260108140251.jpg"
"IMG20260108140311.jpg","31.26188611111111","34.80415","photos/IMG20260108140311.jpg"
"IMG20260108140315.jpg","31.26188611111111","34.80415","photos/IMG20260108140315.jpg"
"IMG20260108140317.jpg","31.26188611111111","34.80415","photos/IMG20260108140317.jpg"
"IMG20260108140328.jpg","31.26185","34.804230555555556","photos/IMG20260108140328.jpg"
