image_name,Latitude,Longitude,relative_path
f1_IMG20260108133711.jpg,31.261847222222222,34.80128055555555,IMG20260108133711.jpg
f1_IMG20260108133717.jpg,31.261847222222222,34.80128055555555,IMG20260108133717.jpg
f1_IMG20260108133721.jpg,31.261847222222222,34.80128055555555,IMG20260108133721.jpg
f1_IMG20260108133734.jpg,31.261847222222222,34.80128055555555,IMG20260108133734.jpg
f1_IMG20260108133744.jpg,31.261847222222222,34.80128055555555,IMG20260108133744.jpg
f1_IMG20260108133753.jpg,31.261847222222222,34.80128055555555,IMG20260108133753.jpg
f1_IMG20260108133754.jpg,31.261847222222222,34.80128055555555,IMG20260108133754.jpg
f1_IMG20260108133801.jpg,31.261847222222222,34.80128055555555,IMG20260108133801.jpg
f1_IMG20260108133803.jpg,31.261847222222222,34.80128055555555,IMG20260108133803.jpg
f1_IMG20260108133805.jpg,31.261847222222222,34.80128055555555,IMG20260108133805.jpg
f1_IMG20260108133807.jpg,31.261847222222222,34.80128055555555,IMG20260108133807.jpg
f1_IMG20260108133809.jpg,31.261847222222222,34.80128055555555,IMG20260108133809.jpg
f1_IMG20260108133811.jpg,31.261847222222222,34.80128055555555,IMG20260108133811.jpg
f1_IMG20260108133814.jpg,31.261847222222222,34.80128055555555,IMG20260108133814.jpg
f1_IMG20260108133829.jpg,31.261847222222222,34.80128055555555,IMG20260108133829.jpg
f1_IMG20260108133854.jpg,31.261847222222222,34.80128055555555,IMG20260108133854.jpg
f1_IMG20260108133856.jpg,31.261847222222222,34.80128055555555,IMG20260108133856.jpg
f1_IMG20260108133902.jpg,31.261847222222222,34.80128055555555,IMG20260108133902.jpg
f1_IMG20260108133903.jpg,31.261847222222222,34.80128055555555,IMG20260108133903.jpg
f1_IMG20260108133912.jpg,31.261977777777776,34.80116944444444,IMG20260108133912.jpg
f1_IMG20260108133914.jpg,31.261977777777776,34.80116944444444,IMG20260108133914.jpg
f1_IMG20260108133915.jpg,31.261977777777776,34.80116944444444,IMG20260108133915.jpg
f1_IMG20260108133926.jpg,31.261977777777776,34.80116944444444,IMG20260108133926.jpg
f1_IMG20260108133928.jpg,31.261977777777776,34.80116944444444,IMG20260108133928.jpg
f1_IMG20260108133951.jpg,31.26212222222222,34.80206111111111,IMG20260108133951.jpg
f1_IMG20260108133953.jpg,31.26212222222222,34.80206111111111,IMG20260108133953.jpg
f1_IMG20260108133954.jpg,31.26212222222222,34.80206111111111,IMG20260108133954.jpg
f1_IMG20260108133955.jpg,31.26212222222222,34.80206111111111,IMG20260108133955.jpg
f1_IMG20260108133956.jpg,31.26212222222222,34.80206111111111,IMG20260108133956.jpg
f1_IMG20260108134022.jpg,31.261841666666665,34.80141388888889,IMG20260108134022.jpg
f1_IMG20260108134025.jpg,31.261841666666665,34.80141388888889,IMG20260108134025.jpg
f1_IMG20260108134026.jpg,31.261841666666665,34.80141388888889,IMG20260108134026.jpg
f1_IMG20260108134032.jpg,31.261841666666665,34.80141388888889,IMG20260108134032.jpg
f1_IMG20260108134035.jpg,31.261841666666665,34.80141388888889,IMG20260108134035.jpg
f1_IMG20260108134036.jpg,31.261841666666665,34.80141388888889,IMG20260108134036.jpg
f1_IMG20260108134038.jpg,31.261841666666665,34.80141388888889,IMG20260108134038.jpg
f1_IMG20260108134125.jpg,31.261841666666665,34.80141388888889,IMG20260108134125.jpg
f1_IMG20260108134128.jpg,31.261841666666665,34.80141388888889,IMG20260108134128.jpg
f1_IMG20260108134134.jpg,31.261841666666665,34.80141388888889,IMG20260108134134.jpg
f1_IMG20260108134137.jpg,31.261841666666665,34.80141388888889,IMG20260108134137.jpg
f1_IMG20260108134147.jpg,31.261841666666665,34.80141388888889,IMG20260108134147.jpg
f1_IMG20260108134149.jpg,31.261841666666665,34.80141388888889,IMG20260108134149.jpg
f1_IMG20260108134150.jpg,31.261841666666665,34.80141388888889,IMG20260108134150.jpg
f1_IMG20260108134152.jpg,31.261841666666665,34.80141388888889,IMG20260108134152.jpg
f1_IMG20260108134154.jpg,31.261841666666665,34.80141388888889,IMG20260108134154.jpg
f1_IMG20260108134202.jpg,31.261841666666665,34.80141388888889,IMG20260108134202.jpg
f1_IMG20260108134203.jpg,31.261841666666665,34.80141388888889,IMG20260108134203.jpg
f1_IMG20260108134205.jpg,31.261841666666665,34.80141388888889,IMG20260108134205.jpg
f1_IMG20260108134211.jpg,31.261841666666665,34.80141388888889,IMG20260108134211.jpg
f1_IMG20260108134213.jpg,31.261841666666665,34.80141388888889,IMG20260108134213.jpg
f1_IMG20260108134220.jpg,31.261841666666665,34.80141388888889,IMG20260108134220.jpg
f1_IMG20260108134222.jpg,31.261841666666665,34.80141388888889,IMG20260108134222.jpg
f1_IMG20260108134231.jpg,31.261841666666665,34.80141388888889,IMG20260108134231.jpg
f1_IMG20260108134233.jpg,31.261841666666665,34.80141388888889,IMG20260108134233.jpg
f1_IMG20260108134237.jpg,31.261841666666665,34.80141388888889,IMG20260108134237.jpg
f1_IMG20260108134239.jpg,31.261841666666665,34.80141388888889,IMG20260108134239.jpg
f1_IMG20260108134249.jpg,31.261841666666665,34.80141388888889,IMG20260108134249.jpg
f1_IMG20260108134255.jpg,31.261841666666665,34.80141388888889,IMG20260108134255.jpg
f1_IMG20260108134304.jpg,31.261891666666667,34.80190277777778,IMG20260108134304.jpg
f1_IMG20260108134305.jpg,31.261891666666667,34.80190277777778,IMG20260108134305.jpg
f1_IMG20260108134309.jpg,31.261891666666667,34.80190277777778,IMG20260108134309.jpg
f1_IMG20260108134310.jpg,31.261891666666667,34.80190277777778,IMG20260108134310.jpg
f1_IMG20260108134312.jpg,31.261891666666667,34.80190277777778,IMG20260108134312.jpg
f1_IMG20260108134313.jpg,31.261891666666667,34.80190277777778,IMG20260108134313.jpg
f1_IMG20260108134315.jpg,31.261891666666667,34.80190277777778,IMG20260108134315.jpg
f1_IMG20260108134321.jpg,31.261891666666667,34.80190277777778,IMG20260108134321.jpg
f1_IMG20260108134322.jpg,31.261891666666667,34.80190277777778,IMG20260108134322.jpg
f1_IMG20260108134323.jpg,31.261891666666667,34.80190277777778,IMG20260108134323.jpg
f1_IMG20260108134325.jpg,31.261891666666667,34.80190277777778,IMG20260108134325.jpg
f1_IMG20260108134338.jpg,31.261891666666667,34.80190277777778,IMG20260108134338.jpg
f1_IMG20260108134340.jpg,31.261891666666667,34.80190277777778,IMG20260108134340.jpg
f1_IMG20260108134342.jpg,31.261891666666667,34.80190277777778,IMG20260108134342.jpg
f1_IMG20260108134344.jpg,31.261891666666667,34.80190277777778,IMG20260108134344.jpg
f1_IMG20260108134346.jpg,31.261891666666667,34.80190277777778,IMG20260108134346.jpg
f1_IMG20260108134356.jpg,31.261891666666667,34.80190277777778,IMG20260108134356.jpg
f1_IMG20260108134357.jpg,31.261891666666667,34.80190277777778,IMG20260108134357.jpg
f1_IMG20260108134401.jpg,31.261891666666667,34.80190277777778,IMG20260108134401.jpg
f1_IMG20260108134402.jpg,31.261891666666667,34.80190277777778,IMG20260108134402.jpg
f1_IMG20260108134407.jpg,31.261891666666667,34.80190277777778,IMG20260108134407.jpg
f1_IMG20260108134424.jpg,31.261891666666667,34.80190277777778,IMG20260108134424.jpg
f1_IMG20260108134426.jpg,31.261891666666667,34.80190277777778,IMG20260108134426.jpg
f1_IMG20260108134428.jpg,31.261891666666667,34.80190277777778,IMG20260108134428.jpg
f1_IMG20260108134430.jpg,31.261891666666667,34.80190277777778,IMG20260108134430.jpg
f1_IMG20260108134431.jpg,31.261891666666667,34.80190277777778,IMG20260108134431.jpg
f1_IMG20260108134435.jpg,31.261891666666667,34.80190277777778,IMG20260108134435.jpg
f1_IMG20260108134446.jpg,31.261891666666667,34.80190277777778,IMG20260108134446.jpg
f1_IMG20260108134447.jpg,31.261891666666667,34.80190277777778,IMG20260108134447.jpg
f1_IMG20260108134449.jpg,31.261891666666667,34.80190277777778,IMG20260108134449.jpg
f1_IMG20260108134456.jpg,31.261891666666667,34.80190277777778,IMG20260108134456.jpg
f1_IMG20260108134458.jpg,31.261891666666667,34.80190277777778,IMG20260108134458.jpg
f1_IMG20260108134500.jpg,31.261891666666667,34.80190277777778,IMG20260108134500.jpg
f1_IMG20260108134503.jpg,31.261891666666667,34.80190277777778,IMG20260108134503.jpg
f1_IMG20260108134509.jpg,31.261891666666667,34.80190277777778,IMG20260108134509.jpg
f1_IMG20260108134518.jpg,31.261891666666667,34.80190277777778,IMG20260108134518.jpg
f1_IMG20260108134520.jpg,31.261891666666667,34.80190277777778,IMG20260108134520.jpg
f1_IMG20260108134522.jpg,31.261891666666667,34.80190277777778,IMG20260108134522.jpg
f1_IMG20260108134524.jpg,31.261891666666667,34.80190277777778,IMG20260108134524.jpg
f1_IMG20260108134533.jpg,31.261891666666667,34.80190277777778,IMG20260108134533.jpg
f1_IMG20260108134535.jpg,31.261891666666667,34.80190277777778,IMG20260108134535.jpg
f1_IMG20260108134538.jpg,31.261891666666667,34.80190277777778,IMG20260108134538.jpg
f1_IMG20260108134547.jpg,31.261891666666667,34.80190277777778,IMG20260108134547.jpg
f1_IMG20260108134548.jpg,31.261891666666667,34.80190277777778,IMG20260108134548.jpg
f1_IMG20260108134550.jpg,31.261891666666667,34.80190277777778,IMG20260108134550.jpg
f1_IMG20260108134608.jpg,31.26172777777778,34.802794444444444,IMG20260108134608.jpg
f1_IMG20260108134614.jpg,31.26172777777778,34.802794444444444,IMG20260108134614.jpg
f1_IMG20260108134616.jpg,31.26172777777778,34.802794444444444,IMG20260108134616.jpg
f1_IMG20260108134618.jpg,31.26172777777778,34.802794444444444,IMG20260108134618.jpg
f1_IMG20260108134620.jpg,31.26172777777778,34.802794444444444,IMG20260108134620.jpg
f1_IMG20260108134628.jpg,31.26172777777778,34.802794444444444,IMG20260108134628.jpg
f1_IMG20260108134630.jpg,31.26172777777778,34.802794444444444,IMG20260108134630.jpg
f1_IMG20260108134632.jpg,31.26172777777778,34.802794444444444,IMG20260108134632.jpg
f1_IMG20260108134954.jpg,31.261994444444444,34.802791666666664,IMG20260108134954.jpg
f1_IMG20260108134958.jpg,31.261994444444444,34.802791666666664,IMG20260108134958.jpg
f1_IMG20260108135022.jpg,31.261994444444444,34.802791666666664,IMG20260108135022.jpg
f1_IMG20260108135024.jpg,31.261994444444444,34.802791666666664,IMG20260108135024.jpg
f1_IMG20260108135027.jpg,31.261994444444444,34.802791666666664,IMG20260108135027.jpg
f1_IMG20260108135029.jpg,31.261994444444444,34.802791666666664,IMG20260108135029.jpg
f1_IMG20260108135038.jpg,31.261994444444444,34.802791666666664,IMG20260108135038.jpg
f1_IMG20260108135046.jpg,31.261994444444444,34.802791666666664,IMG20260108135046.jpg
f1_IMG20260108135059.jpg,31.261994444444444,34.802791666666664,IMG20260108135059.jpg
f1_IMG20260108135101.jpg,31.261994444444444,34.802791666666664,IMG20260108135101.jpg
f1_IMG20260108135109.jpg,31.261994444444444,34.802791666666664,IMG20260108135109.jpg
f1_IMG20260108135110.jpg,31.261994444444444,34.802791666666664,IMG20260108135110.jpg
f1_IMG20260108135112.jpg,31.261994444444444,34.802791666666664,IMG20260108135112.jpg
f1_IMG20260108135120.jpg,31.261994444444444,34.802791666666664,IMG20260108135120.jpg
f1_IMG20260108135121.jpg,31.261994444444444,34.802791666666664,IMG20260108135121.jpg
f1_IMG20260108135136.jpg,31.261994444444444,34.802791666666664,IMG20260108135136.jpg
f1_IMG20260108135156.jpg,31.261994444444444,34.802791666666664,IMG20260108135156.jpg
f1_IMG20260108135200.jpg,31.261994444444444,34.802791666666664,IMG20260108135200.jpg
f1_IMG20260108135204.jpg,31.261994444444444,34.802791666666664,IMG20260108135204.jpg
f1_IMG20260108135205.jpg,31.261994444444444,34.802791666666664,IMG20260108135205.jpg
f1_IMG20260108135207.jpg,31.261994444444444,34.802791666666664,IMG20260108135207.jpg
f1_IMG20260108135216.jpg,31.261994444444444,34.802791666666664,IMG20260108135216.jpg
f1_IMG20260108135220.jpg,31.261994444444444,34.802791666666664,IMG20260108135220.jpg
f1_IMG20260108135221.jpg,31.261994444444444,34.802791666666664,IMG20260108135221.jpg
f1_IMG20260108135245.jpg,31.261994444444444,34.802791666666664,IMG20260108135245.jpg
f1_IMG20260108135246.jpg,31.261994444444444,34.802791666666664,IMG20260108135246.jpg
f1_IMG20260108135248.jpg,31.261994444444444,34.802791666666664,IMG20260108135248.jpg
f1_IMG20260108135258.jpg,31.261994444444444,34.802791666666664,IMG20260108135258.jpg
f1_IMG20260108135301.jpg,31.261994444444444,34.802791666666664,IMG20260108135301.jpg
f1_IMG20260108135302.jpg,31.261994444444444,34.802791666666664,IMG20260108135302.jpg
f1_IMG20260108135304.jpg,31.261994444444444,34.802791666666664,IMG20260108135304.jpg
f1_IMG20260108135305.jpg,31.261994444444444,34.802791666666664,IMG20260108135305.jpg
f1_IMG20260108135311.jpg,31.261994444444444,34.802791666666664,IMG20260108135311.jpg
f1_IMG20260108135317.jpg,31.261994444444444,34.802791666666664,IMG20260108135317.jpg
f1_IMG20260108135321.jpg,31.261994444444444,34.802791666666664,IMG20260108135321.jpg
f1_IMG20260108135324.jpg,31.261994444444444,34.802791666666664,IMG20260108135324.jpg
f1_IMG20260108135325.jpg,31.261994444444444,34.802791666666664,IMG20260108135325.jpg
f1_IMG20260108135334.jpg,31.261994444444444,34.802791666666664,IMG20260108135334.jpg
f1_IMG20260108135346.jpg,31.261994444444444,34.802791666666664,IMG20260108135346.jpg
f1_IMG20260108135354.jpg,31.26183888888889,34.803488888888886,IMG20260108135354.jpg
f1_IMG20260108135355.jpg,31.26183888888889,34.803488888888886,IMG20260108135355.jpg
f1_IMG20260108135401.jpg,31.26183888888889,34.803488888888886,IMG20260108135401.jpg
f1_IMG20260108135402.jpg,31.26183888888889,34.803488888888886,IMG20260108135402.jpg
f1_IMG20260108135403.jpg,31.26183888888889,34.803488888888886,IMG20260108135403.jpg
f1_IMG20260108135424.jpg,31.26208888888889,34.8033,IMG20260108135424.jpg
f1_IMG20260108135447.jpg,31.26208888888889,34.8033,IMG20260108135447.jpg
f1_IMG20260108135449.jpg,31.26208888888889,34.8033,IMG20260108135449.jpg
f1_IMG20260108135452.jpg,31.26208888888889,34.8033,IMG20260108135452.jpg
f1_IMG20260108135453.jpg,31.26208888888889,34.8033,IMG20260108135453.jpg
f1_IMG20260108135501.jpg,31.26208888888889,34.8033,IMG20260108135501.jpg
f1_IMG20260108135506.jpg,31.26208888888889,34.8033,IMG20260108135506.jpg
f1_IMG20260108135525.jpg,31.262216666666667,34.80345,IMG20260108135525.jpg
f1_IMG20260108135533.jpg,31.262216666666667,34.80345,IMG20260108135533.jpg
f1_IMG20260108135536.jpg,31.262216666666667,34.80345,IMG20260108135536.jpg
f1_IMG20260108135546.jpg,31.262216666666667,34.80345,IMG20260108135546.jpg
f1_IMG20260108135639.jpg,31.262216666666667,34.80345,IMG20260108135639.jpg
f1_IMG20260108135640.jpg,31.262216666666667,34.80345,IMG20260108135640.jpg
f1_IMG20260108135645.jpg,31.262216666666667,34.80345,IMG20260108135645.jpg
f1_IMG20260108135655.jpg,31.262216666666667,34.80345,IMG20260108135655.jpg
f1_IMG20260108135657.jpg,31.262216666666667,34.80345,IMG20260108135657.jpg
f1_IMG20260108135710.jpg,31.262216666666667,34.80345,IMG20260108135710.jpg
f1_IMG20260108135716.jpg,31.262216666666667,34.80345,IMG20260108135716.jpg
f1_IMG20260108135719.jpg,31.262216666666667,34.80345,IMG20260108135719.jpg
f1_IMG20260108135739.jpg,31.261855555555556,34.80402222222222,IMG20260108135739.jpg
f1_IMG20260108135740.jpg,31.261855555555556,34.80402222222222,IMG20260108135740.jpg
f1_IMG20260108135742.jpg,31.261855555555556,34.80402222222222,IMG20260108135742.jpg
f1_IMG20260108135743.jpg,31.261855555555556,34.80402222222222,IMG20260108135743.jpg
f1_IMG20260108135756.jpg,31.261855555555556,34.80402222222222,IMG20260108135756.jpg
f1_IMG20260108135758.jpg,31.261855555555556,34.80402222222222,IMG20260108135758.jpg
f1_IMG20260108135808.jpg,31.261855555555556,34.80402222222222,IMG20260108135808.jpg
f1_IMG20260108135809.jpg,31.261855555555556,34.80402222222222,IMG20260108135809.jpg
f1_IMG20260108135811.jpg,31.261855555555556,34.80402222222222,IMG20260108135811.jpg
f1_IMG20260108135820.jpg,31.261855555555556,34.80402222222222,IMG20260108135820.jpg
f1_IMG20260108135826.jpg,31.261855555555556,34.80402222222222,IMG20260108135826.jpg
f1_IMG20260108135828.jpg,31.261855555555556,34.80402222222222,IMG20260108135828.jpg
f1_IMG20260108135829.jpg,31.261855555555556,34.80402222222222,IMG20260108135829.jpg
f1_IMG20260108135837.jpg,31.261855555555556,34.80402222222222,IMG20260108135837.jpg
f1_IMG20260108135838.jpg,31.261855555555556,34.80402222222222,IMG20260108135838.jpg
f1_IMG20260108135840.jpg,31.261855555555556,34.80402222222222,IMG20260108135840.jpg
f1_IMG20260108135848.jpg,31.261855555555556,34.80402222222222,IMG20260108135848.jpg
f1_IMG20260108135855.jpg,31.261855555555556,34.80402222222222,IMG20260108135855.jpg
f1_IMG20260108135857.jpg,31.261855555555556,34.80402222222222,IMG20260108135857.jpg
f1_IMG20260108135909.jpg,31.261855555555556,34.80402222222222,IMG20260108135909.jpg
f1_IMG20260108135911.jpg,31.261855555555556,34.80402222222222,IMG20260108135911.jpg
f1_IMG20260108135912.jpg,31.261855555555556,34.80402222222222,IMG20260108135912.jpg
f1_IMG20260108135914.jpg,31.261855555555556,34.80402222222222,IMG20260108135914.jpg
f1_IMG20260108135915.jpg,31.261855555555556,34.80402222222222,IMG20260108135915.jpg
f1_IMG20260108135925.jpg,31.261855555555556,34.80402222222222,IMG20260108135925.jpg
f1_IMG20260108135926.jpg,31.261855555555556,34.80402222222222,IMG20260108135926.jpg
f1_IMG20260108135927.jpg,31.261855555555556,34.80402222222222,IMG20260108135927.jpg
f1_IMG20260108135936.jpg,31.261855555555556,34.80402222222222,IMG20260108135936.jpg
f1_IMG20260108135938.jpg,31.261855555555556,34.80402222222222,IMG20260108135938.jpg
f1_IMG20260108135939.jpg,31.261855555555556,34.80402222222222,IMG20260108135939.jpg
f1_IMG20260108135949.jpg,31.261855555555556,34.80402222222222,IMG20260108135949.jpg
f1_IMG20260108135952.jpg,31.261855555555556,34.80402222222222,IMG20260108135952.jpg
f1_IMG20260108135954.jpg,31.261855555555556,34.80402222222222,IMG20260108135954.jpg
f1_IMG20260108140001.jpg,31.261855555555556,34.80402222222222,IMG20260108140001.jpg
f1_IMG20260108140002.jpg,31.261855555555556,34.80402222222222,IMG20260108140002.jpg
f1_IMG20260108140007.jpg,31.261855555555556,34.80402222222222,IMG20260108140007.jpg
f1_IMG20260108140008.jpg,31.261855555555556,34.80402222222222,IMG20260108140008.jpg
f1_IMG20260108140009.jpg,31.261855555555556,34.80402222222222,IMG20260108140009.jpg
f1_IMG20260108140027.jpg,31.2621,34.80430833333333,IMG20260108140027.jpg
f1_IMG20260108140029.jpg,31.2621,34.80430833333333,IMG20260108140029.jpg
f1_IMG20260108140031.jpg,31.2621,34.80430833333333,IMG20260108140031.jpg
f1_IMG20260108140040.jpg,31.2621,34.80430833333333,IMG20260108140040.jpg
f1_IMG20260108140042.jpg,31.2621,34.80430833333333,IMG20260108140042.jpg
f1_IMG20260108140048.jpg,31.2621,34.80430833333333,IMG20260108140048.jpg
f1_IMG20260108140049.jpg,31.2621,34.80430833333333,IMG20260108140049.jpg
f1_IMG20260108140051.jpg,31.2621,34.80430833333333,IMG20260108140051.jpg
f1_IMG20260108140105.jpg,31.2621,34.80430833333333,IMG20260108140105.jpg
f1_IMG20260108140107.jpg,31.2621,34.80430833333333,IMG20260108140107.jpg
f1_IMG20260108140108.jpg,31.2621,34.80430833333333,IMG20260108140108.jpg
f1_IMG20260108140110.jpg,31.2621,34.80430833333333,IMG20260108140110.jpg
f1_IMG20260108140120.jpg,31.2621,34.80430833333333,IMG20260108140120.jpg
f1_IMG20260108140121.jpg,31.2621,34.80430833333333,IMG20260108140121.jpg
f1_IMG20260108140122.jpg,31.2621,34.80430833333333,IMG20260108140122.jpg
f1_IMG20260108140130.jpg,31.2621,34.80430833333333,IMG20260108140130.jpg
f1_IMG20260108140135.jpg,31.2621,34.80430833333333,IMG20260108140135.jpg
f1_IMG20260108140142.jpg,31.2621,34.80430833333333,IMG20260108140142.jpg
f1_IMG20260108140143.jpg,31.2621,34.80430833333333,IMG20260108140143.jpg
f1_IMG20260108140155.jpg,31.2621,34.80430833333333,IMG20260108140155.jpg
f1_IMG20260108140156.jpg,31.2621,34.80430833333333,IMG20260108140156.jpg
f1_IMG20260108140206.jpg,31.2621,34.80430833333333,IMG20260108140206.jpg
f1_IMG20260108140207.jpg,31.2621,34.80430833333333,IMG20260108140207.jpg
f1_IMG20260108140208.jpg,31.2621,34.80430833333333,IMG20260108140208.jpg
f1_IMG20260108140236.jpg,31.26188611111111,34.80415,IMG20260108140236.jpg
f1_IMG20260108140237.jpg,31.26188611111111,34.80415,IMG20260108140237.jpg
f1_IMG20260108140247.jpg,31.26188611111111,34.80415,IMG20260108140247.jpg
f1_IMG20260108140248.jpg,31.26188611111111,34.80415,IMG20260108140248.jpg
f1_IMG20260108140251.jpg,31.26188611111111,34.80415,IMG20260108140251.jpg
f1_IMG20260108140311.jpg,31.26188611111111,34.80415,IMG20260108140311.jpg
f1_IMG20260108140315.jpg,31.26188611111111,34.80415,IMG20260108140315.jpg
f1_IMG20260108140317.jpg,31.26188611111111,34.80415,IMG20260108140317.jpg
f1_IMG20260108140328.jpg,31.26185,34.804230555555556,IMG20260108140328.jpg
